date,closedPnL_sum,closedPnL_mean,closedPnL_count,trade_value_sum,trade_value_mean,size_tokens_sum,is_profitable_mean,account_nunique,Classification,value,sentiment_score
2023-05-01,0.0,0.0,3,476.99280999999996,158.99760333333333,0.25129999999999997,0.0,1,Greed,63.0,1.0
2023-12-05,0.0,0.0,9,50005.82917,5556.20324111111,11.80901,0.0,1,Greed,75.0,1.0
2023-12-14,-205.43473700000007,-18.675885181818188,11,113203.34547,10291.213224545454,4092.28901,0.36363636363636365,1,Greed,72.0,1.0
2023-12-15,-24.632033999999997,-12.316016999999999,2,10609.956,5304.978,3558.0,0.0,1,Greed,70.0,1.0
2023-12-16,0.0,0.0,3,15348.76138,5116.253793333333,39897.0,0.0,1,Greed,67.0,1.0
2023-12-17,304.982785,21.78448464285714,14,116278.018081,8305.572720071428,86246.4486,0.5,1,Greed,73.0,1.0
2023-12-18,0.0,0.0,2,31164.1856,15582.0928,14.306,0.0,1,Greed,65.0,1.0
2023-12-19,1000.5386120000001,66.70257413333334,15,91602.41239,6106.827492666666,161546.30599999998,0.6666666666666666,1,Greed,73.0,1.0
2023-12-20,162.732282,9.040682333333333,18,141636.78283,7868.710157222223,174520.2,0.4444444444444444,1,Greed,74.0,1.0
2023-12-21,537.211402,10.963498000000001,49,125233.97907,2555.79549122449,1364.3,0.5306122448979592,1,Greed,70.0,1.0
2023-12-22,141.832675,14.1832675,10,88874.27747,8887.427747,2450.7491,0.2,1,Greed,74.0,1.0
2023-12-23,146.936704,11.302823384615383,13,78438.24836,6033.711412307692,141665.4,0.6153846153846154,1,Greed,70.0,1.0
2023-12-24,1008.619956,25.862050153846155,39,402954.92766,10332.177632307692,284682.19608,0.38461538461538464,1,Greed,71.0,1.0
2023-12-25,-245.081348,-81.69378266666666,3,59948.50502,19982.835006666664,26.3812,0.0,1,Greed,73.0,1.0
2023-12-27,-704.8892269999999,-25.174615249999995,28,171411.03608,6121.822717142857,455540.0,0.14285714285714285,1,Greed,73.0,1.0
2023-12-28,-970.730876,-42.20569026086957,23,100117.24515,4352.923702173913,263752.0,0.0,1,Greed,73.0,1.0
2023-12-29,508.92214299999995,10.178442859999999,50,569559.70558,11391.1941116,15843.60258,0.3,1,Greed,65.0,1.0
2023-12-30,354.998648,6.826897076923077,52,702550.20174,13510.580802692308,158399.89232,0.4423076923076923,1,Greed,68.0,1.0
2024-01-01,-129.53146,-7.196192222222223,18,264239.51261,14679.972922777777,4178.78664,0.05555555555555555,1,Greed,65.0,1.0
2024-01-02,783.979116,46.11641858823529,17,121348.72987200001,7138.160580705883,208218.35486,0.47058823529411764,1,Greed,71.0,1.0
2024-01-03,866.015507,12.925604582089552,67,394499.36837399995,5888.050274238805,64502.1274,0.417910447761194,1,Greed,70.0,1.0
2024-01-04,-67.60364,-13.520728,5,99792.53588000001,19958.507176000003,45.0958,0.0,1,Greed,68.0,1.0
2024-01-05,164.141565,2.486993409090909,66,1703942.66731,25817.313141060604,251.80766,0.19696969696969696,1,Greed,72.0,1.0
2024-01-06,135.58166400000002,6.16280290909091,22,298521.41284,13569.15512909091,7077.42664,0.45454545454545453,1,Greed,70.0,1.0
2024-01-07,-835.681235,-8.615270463917525,97,1048850.051251,10812.887126298969,165182.52107,0.09278350515463918,1,Greed,71.0,1.0
2024-01-08,-269.874439,-2.1083940546875,128,1522452.47911,11894.159993046875,108119.81523000001,0.25,1,Greed,71.0,1.0
2024-01-09,-826.349863,-11.804998042857143,70,870051.9215299999,12429.313164714285,129356.31168,0.2571428571428571,1,Greed,76.0,1.0
2024-01-10,-1517.091342,-7.860576901554404,193,2057479.485642,10660.51546964767,200302.43156,0.21243523316062177,1,Greed,73.0,1.0
2024-01-11,-164.08950099999998,-7.813785761904761,21,305314.08634,14538.766016190475,846.43972,0.23809523809523808,2,Greed,76.0,1.0
2024-01-12,-1925.519024,-275.0741462857143,7,200082.27383999998,28583.181977142853,1542.27934,0.0,1,Greed,71.0,1.0
2024-01-15,152.85358,10.918112857142857,14,50636.080449999994,3616.8628892857137,1.43192,0.6428571428571429,2,Neutral,52.0,
2024-01-16,-2299.171458,-255.4634953333333,9,116427.3314,12936.370155555554,2608.18062,0.3333333333333333,2,Greed,64.0,1.0
2024-01-17,813.2741110000001,15.344794547169812,53,800831.0522700001,15110.019854150945,4055.02266,0.20754716981132076,1,Greed,60.0,1.0
2024-01-18,68.93319,1.4985476086956522,46,424631.50679,9231.119712826086,93.72578,0.06521739130434782,1,Greed,63.0,1.0
2024-01-19,-385.419235,-8.029567395833334,48,428428.961,8925.603354166667,1754.7376,0.125,2,Neutral,51.0,
2024-01-20,-146.57487000000003,-1.3827817924528305,106,1070090.53039,10095.193682924528,256540.35666,0.14150943396226415,1,Neutral,52.0,
2024-01-21,266.58114600000005,24.234649636363642,11,103129.73894400001,9375.43081309091,44252.23533,0.2727272727272727,1,Greed,56.0,1.0
2024-01-22,1375.640959,16.18401128235294,85,337878.99275000003,3975.0469735294123,156977.46867,0.27058823529411763,2,Greed,55.0,1.0
2024-01-23,-369.2447299999998,-8.20543844444444,45,414518.917112,9211.531491377778,87110.23871,0.24444444444444444,1,Neutral,50.0,
2024-01-24,-2808.353815,-41.29932080882353,68,965084.596676,14192.420539352941,48160.40059,0.14705882352941177,1,Neutral,48.0,
2024-01-25,-3093.6293849999997,-515.6048975,6,66566.13906,11094.35651,756.8299999999999,0.0,1,Neutral,52.0,
2024-01-26,90.2,18.04,5,11773.211116,2354.6422232,95267.0,0.2,2,Neutral,49.0,
2024-01-28,-2478.06972,-225.27906545454545,11,18109.007999999998,1646.2734545454543,1068.0,0.0,1,Neutral,54.0,
2024-01-29,486.562542,6.5751694864864865,74,414208.23184799997,5597.408538486486,237603.48712,0.6081081081081081,2,Greed,55.0,1.0
2024-01-30,-173.65419100000003,-3.5439630816326537,49,401011.34982,8183.905098367347,91.43791999999999,0.10204081632653061,1,Greed,61.0,1.0
2024-01-31,-799.840817,-0.93113017112922,859,6305647.3764390005,7340.683790965076,42786.30905,0.2689173457508731,1,Greed,60.0,1.0
2024-02-01,0.0,0.0,6,2008.1847710000002,334.69746183333336,44986.0,0.0,1,Greed,63.0,1.0
2024-02-02,456.423473,10.867225547619048,42,474278.433764,11292.34366104762,42139.736820000006,0.30952380952380953,1,Greed,63.0,1.0
2024-02-03,223.30918699999998,3.9876640535714283,56,603819.98881,10782.499800178572,9661.26755,0.10714285714285714,1,Greed,60.0,1.0
2024-02-04,47.62389499999999,1.360682714285714,35,203187.53669,5805.358191142857,20905.14109,0.2571428571428571,1,Greed,60.0,1.0
2024-02-05,-33.45419400000003,-0.4646415833333337,72,770198.24871,10697.197898749999,29741.6286,0.19444444444444445,1,Greed,60.0,1.0
2024-02-06,-215.615907,-0.19817638511029412,1088,8047153.469136,7396.280762073529,55455572.2847,0.1645220588235294,1,Greed,64.0,1.0
2024-02-07,241.24212,16.082808,15,6758.70464,450.58030933333333,13261.9,0.13333333333333333,1,Greed,62.0,1.0
2024-02-08,770.756024,77.07560240000001,10,26051.1241,2605.11241,5609953.100000001,0.4,1,Greed,66.0,1.0
2024-02-11,983.443176,28.924799294117648,34,212311.821349,6244.465333794118,26558.56903,0.20588235294117646,1,Greed,71.0,1.0
2024-02-12,913.8817869999998,57.11761168749999,16,227247.68179,14202.980111875,1017.55939,0.375,1,Greed,70.0,1.0
2024-02-13,559.44389,39.960277857142856,14,1999.9932,142.85665714285713,33158.0,1.0,1,Greed,79.0,1.0
2024-02-14,3830.599833,34.509908405405405,111,320839.927319,2890.449795666667,160839.68529,0.7477477477477478,2,Greed,74.0,1.0
2024-02-15,1840.797677,29.219010746031746,63,185188.107677,2939.4937726507937,48598.78529,0.9047619047619048,2,Greed,72.0,1.0
2024-02-16,5491.768834,30.174554032967034,182,564896.535928,3103.8271204835164,12368863.14415,0.8021978021978022,2,Greed,72.0,1.0
2024-02-17,1929.6418,20.52810425531915,94,406118.06327,4320.404928404255,222280.10915,0.648936170212766,2,Greed,76.0,1.0
2024-02-18,477.6248299999999,4.923967319587628,97,157048.21183000001,1619.0537302061857,172143.4,0.6288659793814433,1,Greed,72.0,1.0
2024-02-19,4317.768563,42.750183792079206,101,286377.1492,2835.417318811881,272054.00084,0.7623762376237624,2,Greed,75.0,1.0
2024-02-20,3263.628824,83.68279035897436,39,119419.723704,3062.0441975384615,69782.00042,0.7948717948717948,2,Greed,72.0,1.0
2024-02-21,1858.7985700000002,84.49084409090909,22,108047.53806,4911.25173,171181.54,0.6818181818181818,2,Greed,78.0,1.0
2024-02-22,3894.1050699999996,44.25119397727272,88,373033.916586,4239.021779386364,169921.40042,0.45454545454545453,2,Greed,74.0,1.0
2024-02-23,1418.55293,9.91995055944056,143,111106.02652999999,776.9652204895104,43567.40042,0.958041958041958,1,Greed,76.0,1.0
2024-02-25,-30.7705,-6.1541,5,4480.1295,896.0259,7900.0,0.0,1,Greed,74.0,1.0
2024-02-26,4416.8473,113.25249487179488,39,192187.18292999998,4927.876485384615,67296.0,0.8717948717948718,2,Greed,72.0,1.0
2024-02-27,888.511733,14.103360841269842,63,209362.29179000002,3323.2109807936513,117294.88,0.4126984126984127,2,Greed,79.0,1.0
2024-02-28,2503.747235,55.63882744444444,45,171107.101114,3802.3800247555555,8904445.6,0.8666666666666667,1,Greed,82.0,1.0
2024-02-29,9813.996992,84.60342234482759,116,395666.685727,3410.9197045431033,7553065.18,0.8620689655172413,2,Greed,80.0,1.0
2024-03-01,8244.241409,60.176944591240876,137,472974.663145,3452.369803978102,25984676.0,0.9343065693430657,1,Greed,80.0,1.0
2024-03-02,230.90060000000005,7.448406451612905,31,63197.542455,2038.6304017741936,651733.0,0.6774193548387096,2,Greed,80.0,1.0
2024-03-03,8361.086245,105.83653474683545,79,390745.677042,4946.147810658228,48774887.74,0.6835443037974683,1,Greed,83.0,1.0
2024-03-04,27799.775742,92.66591914,300,1577996.746285,5259.989154283333,36892599.52038,0.8866666666666667,2,Greed,82.0,1.0
2024-03-05,19791.026041,109.95014467222222,180,841810.2949559999,4676.723860866667,44987293.0,0.9055555555555556,1,Greed,90.0,1.0
2024-03-06,6814.825139,83.10762364634145,82,327217.990646,3990.4633005609758,10955146.0,0.8780487804878049,1,Greed,75.0,1.0
2024-03-08,4271.886236,63.7594960597015,67,183583.229574,2740.048202597015,3448270.8,0.8805970149253731,1,Greed,81.0,1.0
2024-03-09,9949.501624,85.03847541880343,117,658178.765539,5625.4595345213675,17984276.7,0.8290598290598291,1,Greed,84.0,1.0
2024-03-10,2482.9272,59.117314285714286,42,219973.8624,5237.472914285715,32040.08,0.6904761904761905,1,Greed,79.0,1.0
2024-03-11,3588.179495,85.43284511904761,42,176519.42601,4202.843476428571,139371.0,0.9285714285714286,1,Greed,82.0,1.0
2024-03-12,3039.166,379.89575,8,103040.842,12880.10525,11404.0,0.875,1,Greed,81.0,1.0
2024-03-13,0.0,0.0,7,6000.8022599999995,857.2574657142857,1.5126,0.0,1,Greed,81.0,1.0
2024-03-14,3465.865832,192.5481017777778,18,205933.17923,11440.732179444445,563982.3126000001,0.8888888888888888,2,Greed,88.0,1.0
2024-03-15,6236.513651,100.58892985483871,62,351894.414518,5675.716363193548,11725690.8947,0.6612903225806451,3,Greed,83.0,1.0
2024-03-16,228.57984,28.57248,8,37223.66167,4652.95770875,1112354.4242,0.125,2,Greed,81.0,1.0
2024-03-17,503.293955,21.882345869565217,23,99506.94409,4326.388873478261,573.1383000000001,0.43478260869565216,3,Greed,79.0,1.0
2024-03-18,1456.9577,76.68198421052631,19,90458.06317,4760.950693157894,19900.3233,0.3157894736842105,3,Greed,77.0,1.0
2024-03-19,668.797973,27.86658220833333,24,219884.87557,9161.869815416667,176263.0849,0.20833333333333334,3,Greed,79.0,1.0
2024-03-20,6423.134599,93.08890723188406,69,215705.92522,3126.1728292753623,197774.3712,0.8695652173913043,2,Greed,74.0,1.0
2024-03-21,2335.5080749999997,83.41100267857142,28,117895.56306,4210.555823571429,160612.8186,0.8214285714285714,3,Greed,78.0,1.0
2024-03-24,1297.018477,68.26413036842105,19,92592.22297,4873.274893157894,10235.8,0.7894736842105263,1,Greed,74.0,1.0
2024-03-25,1302.916428,186.13091828571427,7,57116.32732,8159.475331428571,15.9576,0.8571428571428571,1,Greed,75.0,1.0
2024-03-26,3215.906593,27.253445703389833,118,198565.2084,1682.7560033898305,33445.2556,0.9322033898305084,2,Greed,81.0,1.0
2024-03-27,150.41114,3.9581878947368416,38,99864.78379,2628.0206260526315,13722.38876,0.3157894736842105,2,Greed,83.0,1.0
2024-03-28,227.85100799999998,17.527000615384615,13,35323.735136,2717.2103950769233,398571.7446,0.6923076923076923,2,Greed,80.0,1.0
2024-03-29,883.097404,58.873160266666666,15,86914.38673,5794.292448666666,24.4455,0.4,1,Greed,79.0,1.0
2024-03-30,1100.57514,24.45722533333333,45,101103.90474,2246.7534386666666,517830.0,0.9777777777777777,1,Greed,75.0,1.0
2024-03-31,912.786145,70.21431884615384,13,39912.93963000001,3070.226125384616,11.002400000000002,0.7692307692307693,1,Greed,75.0,1.0
2024-04-01,2507.963406,32.57095332467532,77,339470.500845,4408.707803181818,9563430.3674,0.5454545454545454,2,Greed,79.0,1.0
2024-04-02,883.760812,21.555141756097562,41,239664.47561000002,5845.4750148780495,5958.1049,0.2926829268292683,2,Greed,79.0,1.0
2024-04-03,126.7884,31.6971,4,16887.5616,4221.8904,2310.0,0.25,2,Greed,71.0,1.0
2024-04-04,0.0,0.0,32,95987.71009,2999.6159403125,28.284299999999998,0.0,1,Greed,70.0,1.0
2024-04-05,10706.484306,107.06484306,100,503791.831726,5037.91831726,208515.2373,0.9,3,Greed,79.0,1.0
2024-04-06,236.33513399999998,14.770945874999999,16,68223.66744,4263.979215,20.4808,0.25,1,Greed,75.0,1.0
2024-04-07,0.0,0.0,23,49988.1611,2173.398308695652,14.7128,0.0,1,Greed,78.0,1.0
2024-04-08,1218.4267,40.614223333333335,30,211940.64508,7064.688169333333,11492.048999999999,0.03333333333333333,2,Greed,76.0,1.0
2024-04-09,0.0,0.0,3,57063.83727,19021.27909,16.2979,0.0,1,Greed,80.0,1.0
2024-04-10,5207.443414,127.01081497560976,41,351735.94638,8578.925521463414,102.5007,0.8780487804878049,1,Greed,78.0,1.0
2024-04-11,389.743164,24.35894775,16,76400.96631999999,4775.0603949999995,21.5697,0.125,1,Greed,76.0,1.0
2024-04-12,-592.6458390000001,-4.594153790697676,129,442088.595023,3427.043372271318,21920455.0583,0.5503875968992248,3,Greed,79.0,1.0
2024-04-13,6621.451755,74.3983343258427,89,486411.283626,5465.295321640449,7766240.200999999,0.6853932584269663,2,Greed,72.0,1.0
2024-04-14,-36104.012520000004,-337.4206777570094,107,659162.167688,6160.394090542056,120136.0098,0.308411214953271,2,Greed,72.0,1.0
2024-04-15,3774.08872,92.05094439024391,41,291111.17707,7100.272611463414,262459.9098,0.8536585365853658,2,Greed,74.0,1.0
2024-04-16,2467.702221,52.504302574468085,47,181907.20026,3870.3659629787235,239273.0,0.9148936170212766,2,Greed,65.0,1.0
2024-04-17,2441.4683999999997,174.39059999999998,14,97562.9796,6968.784257142857,19114.0,0.9285714285714286,1,Greed,67.0,1.0
2024-04-19,1946.4454620000001,55.61272748571429,35,337257.91968,9635.940562285714,109.9409,0.7714285714285715,1,Greed,66.0,1.0
2024-04-20,0.0,0.0,22,60733.23488,2760.601585454546,363824.8279,0.0,2,Greed,66.0,1.0
2024-04-22,0.0,0.0,9,47993.62418,5332.624908888889,14.9861,0.0,1,Greed,73.0,1.0
2024-04-23,1119.536196,16.962669636363636,66,233054.85759,3531.1342059090907,187970.3303,0.5303030303030303,2,Greed,71.0,1.0
2024-04-24,279.185907,13.95929535,20,141275.21555,7063.7607775,43.8207,0.3,1,Greed,72.0,1.0
2024-04-25,0.0,0.0,74,120240.99586000001,1624.8783224324325,388643.183,0.0,2,Greed,72.0,1.0
2024-04-26,0.0,0.0,3,4988.28521,1662.7617366666666,41052.0,0.0,1,Greed,70.0,1.0
2024-04-27,4281.488139,158.57363477777778,27,154264.46749,5713.498795925926,47.3826,0.7037037037037037,1,Greed,67.0,1.0
2024-04-28,0.0,0.0,58,43985.63142,758.3729555172414,137073.191,0.0,2,Greed,65.0,1.0
2024-04-29,526.9338359999999,11.709640799999999,45,108699.00198,2415.533377333333,32635.166100000002,0.37777777777777777,2,Greed,67.0,1.0
2024-04-30,0.0,0.0,24,125018.74591,5209.114412916667,41.3869,0.0,1,Greed,67.0,1.0
2024-05-01,0.0,0.0,14,87025.4638,6216.104557142857,29.825,0.0,1,Neutral,54.0,
2024-05-03,5306.017045,147.3893623611111,36,282682.63886,7852.295523888889,42527.4724,0.4722222222222222,3,Neutral,48.0,
2024-05-04,0.0,0.0,9,58998.751001000004,6555.41677788889,579928.2829,0.0,2,Greed,67.0,1.0
2024-05-05,0.916,0.15266666666666667,6,24068.344540000002,4011.390756666667,15.6288,0.16666666666666666,2,Greed,69.0,1.0
2024-05-06,968.59038,107.62115333333333,9,206016.42648,22890.714053333333,66.07939999999999,0.4444444444444444,1,Greed,71.0,1.0
2024-05-07,883.537693,49.08542738888889,18,108717.587358,6039.865964333334,619867.0196,0.5,3,Greed,68.0,1.0
2024-05-08,1.56576,0.12044307692307693,13,65973.57249,5074.890191538462,239.8835,0.07692307692307693,2,Greed,64.0,1.0
2024-05-09,1147.595856,40.985566285714285,28,221966.12848999997,7927.361731785713,34670.3984,0.39285714285714285,2,Greed,55.0,1.0
2024-05-10,2101.741695,95.53371340909092,22,156881.99536,7130.999789090909,53.3457,0.2727272727272727,1,Greed,66.0,1.0
2024-05-11,251.604742,27.956082444444444,9,63248.936779999996,7027.659642222222,21.6418,1.0,1,Neutral,53.0,
2024-05-12,0.0,0.0,23,55179.539282,2399.1104035652174,34544.4206,0.0,2,Greed,56.0,1.0
2024-05-13,2136.853859,76.31620925,28,193118.89158999998,6897.103271071428,31390.7581,0.35714285714285715,2,Greed,57.0,1.0
2024-05-14,1150.5233050000002,50.02275239130436,23,145853.40901,6341.452565652174,50.1051,0.17391304347826086,1,Greed,66.0,1.0
2024-05-15,948.970582,26.360293944444447,36,234922.58374,6525.627326111111,80.1172,0.4722222222222222,1,Greed,64.0,1.0
2024-05-16,214.5898,7.94777037037037,27,162620.95312999998,6022.998264074074,26494.2319,0.18518518518518517,2,Greed,70.0,1.0
2024-05-18,3522.3946610000003,140.89578644000002,25,126303.14745,5052.125898,40.4257,0.64,1,Greed,73.0,1.0
2024-05-19,0.0,0.0,8,29998.084300000002,3749.7605375000003,9.7416,0.0,1,Greed,72.0,1.0
2024-05-20,-74.818442,-7.4818442,10,38124.759653,3812.4759653,640.7617,0.0,2,Greed,70.0,1.0
2024-05-21,7289.397571999999,58.31518057599999,125,1100948.58418,8807.58867344,17074.50976,0.112,2,Greed,76.0,1.0
2024-05-22,0.0,0.0,6,44995.28661,7499.214435000001,12.0525,0.0,1,Greed,76.0,1.0
2024-05-23,413.347329,1.2718379353846154,325,401850.593567,1236.4633648215386,2935200.9914,0.4461538461538462,3,Greed,76.0,1.0
2024-05-24,821.949278,410.974639,2,50811.902200000004,25405.951100000002,13.2158,1.0,1,Greed,74.0,1.0
2024-05-25,14.126038999999999,0.8828774374999999,16,29991.122934000003,1874.4451833750002,8573.662,0.3125,2,Greed,76.0,1.0
2024-05-26,778.6839,48.66774375,16,53976.68183,3373.542614375,5659.602,0.25,2,Greed,75.0,1.0
2024-05-27,1129.35587,4.499425776892431,251,151115.724461,602.0546791274901,1411508.5206,0.35856573705179284,1,Greed,74.0,1.0
2024-05-29,277.791953,1.6938533719512194,164,84268.709095,513.8335920426829,226315.75152,0.4146341463414634,2,Greed,72.0,1.0
2024-05-30,20.951433,2.9930618571428576,7,2838.085376,405.440768,565.27578,0.7142857142857143,1,Greed,73.0,1.0
2024-05-31,25.35812,1.9506246153846154,13,3636.149459,279.70380453846155,86903.8,0.3076923076923077,1,Greed,73.0,1.0
2024-06-01,91.510419,3.66041676,25,12834.623744,513.38494976,499938.0,0.36,1,Greed,72.0,1.0
2024-06-02,192.906947,2.074268247311828,93,29464.546476,316.82308038709675,31288.5,0.3655913978494624,1,Greed,73.0,1.0
2024-06-03,562.808208,8.040117257142859,70,21466.868433,306.6695490428571,19199.3,0.6285714285714286,1,Greed,73.0,1.0
2024-06-04,52.211438,0.9851214716981133,53,24243.41788,457.42297886792454,2483.33818,0.4716981132075472,1,Greed,73.0,1.0
2024-06-05,56.055506,1.038064925925926,54,25350.75432,469.45841333333334,2452.07392,0.2962962962962963,1,Greed,75.0,1.0
2024-06-06,274.173187,1.1716802863247862,234,137557.83376,587.8539904273505,71093.724,0.42735042735042733,1,Greed,78.0,1.0
2024-06-07,8902.467416,20.23288049090909,440,1098588.8932400001,2496.7929391818184,272861.1558,0.4,3,Greed,77.0,1.0
2024-06-08,129.13883900000002,4.453063413793104,29,97351.86465,3356.96085,2425.2625000000003,0.27586206896551724,2,Greed,72.0,1.0
2024-06-09,0.0,0.0,17,22410.216839999997,1318.2480494117644,479.66769999999997,0.0,2,Greed,75.0,1.0
2024-06-10,31.266804999999998,0.589939716981132,53,46587.90546,879.0170841509434,5358.5419,0.33962264150943394,2,Greed,72.0,1.0
2024-06-11,4320.631811,35.12708789430894,123,373279.909833,3034.796014902439,14340.01016,0.13821138211382114,3,Greed,74.0,1.0
2024-06-12,-21886.531493,-86.16744682283463,254,193407.9471,761.4486106299212,37105.51234,0.08267716535433071,2,Greed,72.0,1.0
2024-06-13,6632.757115,83.95895082278481,79,132577.23353,1678.1928294936708,9103.9073,0.24050632911392406,2,Greed,70.0,1.0
2024-06-14,10258.592609,330.9223422258064,31,139868.6321,4511.891358064516,11996.0793,0.4838709677419355,2,Greed,74.0,1.0
2024-06-15,3369.958346,43.20459417948718,78,718350.23447,9209.618390641026,19129.9948,0.48717948717948717,2,Greed,74.0,1.0
2024-06-16,0.0,0.0,11,25235.095559999998,2294.099596363636,6131.6,0.0,1,Greed,71.0,1.0
2024-06-17,10599.502375,278.9342730263158,38,368380.12568,9694.21383368421,25157.9899,0.6578947368421053,2,Greed,71.0,1.0
2024-06-18,282.57636,11.3030544,25,263314.82219000004,10532.592887600002,1932.406,0.16,2,Greed,74.0,1.0
2024-06-19,4887.656944,80.12552367213115,61,417071.12466,6837.231551803278,20115.6935,0.5081967213114754,3,Greed,64.0,1.0
2024-06-20,57478.456026,1473.8065647692308,39,207990.784464,5333.097037538461,51788.7982,0.20512820512820512,3,Greed,60.0,1.0
2024-06-21,773.5582039999999,9.66947755,80,176264.47105999998,2203.30588825,7984.0992,0.0375,2,Greed,63.0,1.0
2024-06-22,756.876565,31.536523541666668,24,169594.28022,7066.428342499999,339.0564,0.3333333333333333,2,Neutral,53.0,
2024-06-23,0.0,0.0,5,1792.12,358.424,578.0,0.0,1,Greed,55.0,1.0
2024-06-24,0.0,0.0,31,403002.78763000004,13000.089923548388,410.2027,0.0,2,Neutral,51.0,
2024-06-25,4869.353105,99.3745531632653,49,103099.07311,2104.0627165306123,31795.2,0.22448979591836735,1,Fear,30.0,0.0
2024-06-26,4197.732182,58.30183586111111,72,365190.66183,5072.092525416667,426.5723,0.2916666666666667,2,Neutral,46.0,
2024-06-27,0.0,0.0,30,130486.9624,4349.565413333334,3230.1536,0.0,2,Fear,40.0,0.0
2024-06-29,6150.326145,82.0043486,75,280095.11999100004,3734.601599880001,1231633.8638,0.32,2,Fear,30.0,0.0
2024-06-30,0.0,0.0,14,30520.698599999996,2180.0498999999995,278255.875,0.0,2,Neutral,47.0,
2024-07-01,5065.839308,79.1537391875,64,362670.14177832,5666.72096528625,1227237.4996,0.40625,2,Neutral,53.0,
2024-07-02,2421.253116,134.514062,18,33347.468420000005,1852.6371344444447,11420.300000000001,0.7222222222222222,1,Neutral,51.0,
2024-07-03,1118.387284,62.132626888888886,18,179600.65518,9977.814176666667,256.5812,0.2222222222222222,2,Neutral,50.0,
2024-07-04,0.0,0.0,25,430567.99370999995,17222.7197484,302.9901,0.0,2,Fear,44.0,0.0
2024-07-05,0.0,0.0,32,272289.87738,8509.058668125,5354.8189999999995,0.0,2,Fear,29.0,0.0
2024-07-06,108.87217799999999,4.53634075,24,2490.18429332,103.75767888833333,983577.0,0.2916666666666667,1,Fear,26.0,0.0
2024-07-07,61.428942,6.1428942,10,498.75,49.875,125.0,1.0,1,Fear,29.0,0.0
2024-07-08,0.0,0.0,1,497.64,497.64,156.0,0.0,1,Fear,28.0,0.0
2024-07-09,648.984412,43.265627466666665,15,2736.4455,182.4297,600.0,1.0,1,Fear,27.0,0.0
2024-07-10,11977.734907,213.88812333928573,56,687900.18475,12283.931870535715,6773.8043,0.6785714285714286,2,Fear,28.0,0.0
2024-07-11,1876.812082,98.77958326315789,19,169887.01205999998,8941.42168736842,53.826499999999996,0.47368421052631576,1,Fear,29.0,0.0
2024-07-12,1412.314654,74.33235021052631,19,89582.96714000001,4714.893007368421,6408.3182,0.47368421052631576,2,Fear,25.0,0.0
2024-07-13,2913.617837,171.38928452941175,17,139189.19196,8187.599527058824,119.9226,1.0,2,Fear,25.0,0.0
2024-07-14,0.0,0.0,7,84001.12074,12000.160105714285,26.2683,0.0,1,Fear,33.0,0.0
2024-07-15,-1.0,-0.038461538461538464,26,198344.85125,7628.648125000001,249.8487,0.0,2,Neutral,52.0,
2024-07-16,0.0,0.0,22,144000.54916,6545.4795072727275,41.7464,0.0,1,Greed,65.0,1.0
2024-07-17,1859.269477,5.297064037037037,351,626005.51014,1783.491481880342,148888.4638,0.4131054131054131,3,Greed,69.0,1.0
2024-07-18,3803.884311,63.398071849999994,60,649704.82814,10828.413802333333,2916.6704,0.8,2,Greed,61.0,1.0
2024-07-19,2155.891114,93.73439626086956,23,150269.43056,6533.453502608696,800.5319999999999,0.5217391304347826,2,Greed,60.0,1.0
2024-07-20,2299.169566,8.643494609022557,266,244362.21072,918.654927518797,32883.8745,0.12406015037593984,2,Greed,74.0,1.0
2024-07-21,-2960.716887,-6.608743051339286,448,234307.40842,523.0076080803572,59706.7453,0.046875,2,Greed,74.0,1.0
2024-07-22,1517.119876,9.851427766233765,154,304213.71142,1975.4137105194807,19037.4927,0.14285714285714285,2,Greed,70.0,1.0
2024-07-23,89890.302206,242.9467627189189,370,358526.5282,968.9906167567567,65463.9188,0.8891891891891892,3,Greed,71.0,1.0
2024-07-24,625.561479,6.9506831,90,69207.92880726614,768.9769867474016,109521.54280475,0.2,5,Greed,69.0,1.0
2024-07-25,916.7382600000001,11.753054615384617,78,528555.3094460242,6776.350121102875,398195.65057999996,0.1282051282051282,3,Greed,68.0,1.0
2024-07-26,2766.513113,18.200744164473683,152,548587.650090869,3609.129276913612,269229.167597,0.40131578947368424,4,Greed,68.0,1.0
2024-07-27,6400.623656,112.2916430877193,57,905199.782580988,15880.697940017333,2091.77823,0.7368421052631579,2,Greed,72.0,1.0
2024-07-28,587.29903,36.706189375,16,43254.660500000005,2703.4162812500003,4913.6029,0.75,2,Greed,71.0,1.0
2024-07-29,330.80445399999996,8.482165487179486,39,327199.14641000004,8389.721702820514,5057.07922,0.41025641025641024,2,Greed,74.0,1.0
2024-07-30,0.0,0.0,6,36006.47697,6001.079495000001,10.9261,0.0,1,Greed,67.0,1.0
2024-07-31,765.690884,17.806764744186047,43,84506.534086,1965.2682345581395,44585.1777,0.32558139534883723,2,Greed,61.0,1.0
2024-08-01,167.080017,2.9312283684210527,57,227774.51260871076,3996.044080854575,292827.2818435,0.07017543859649122,4,Neutral,52.0,
2024-08-02,782.3681909999999,12.418542714285714,63,396320.3565008986,6290.799309538073,68333.3740408,0.2698412698412698,3,Greed,57.0,1.0
2024-08-03,464.1897,12.545667567567568,37,290532.88809492247,7852.240218781689,71917.87894000001,0.02702702702702703,5,Fear,37.0,0.0
2024-08-04,-122672.000883,-965.9212667952756,127,1207744.076719446,9509.795879680678,227049.7193107,0.023622047244094488,5,Fear,34.0,0.0
2024-08-05,-13013.665169,-162.6708146125,80,420495.37342,5256.19216775,422142.75432,0.4125,4,Fear,26.0,0.0
2024-08-06,267.318048,2.4982995140186914,107,61478.393769969996,574.564427756729,305641.96643,0.12149532710280374,2,Fear,17.0,0.0
2024-08-07,188.789255,5.720886515151515,33,2492.769600670129,75.53847274757966,29210.93451012,0.30303030303030304,3,Fear,29.0,0.0
2024-08-08,-40.712216999999995,-4.5235796666666666,9,16299.355026344874,1811.0394473716526,14545.8545382,0.0,2,Fear,20.0,0.0
2024-08-09,18082.071276,125.56993941666666,144,503204.82161845063,3494.477927905907,84372.3108,0.2986111111111111,5,Neutral,48.0,
2024-08-10,0.0,0.0,88,11339.27659695112,128.85541587444456,155667.97957,0.0,2,Fear,40.0,0.0
2024-08-11,847.7766200000001,35.32402583333334,24,44230.218423,1842.925767625,95524.24650000001,0.16666666666666666,2,Fear,39.0,0.0
2024-08-12,858.6705000000001,17.88896875,48,54167.3325293208,1128.48609436085,59463.483204000004,0.125,3,Fear,25.0,0.0
2024-08-13,212.08102,9.220913913043479,23,20797.882690046135,904.2557691324407,147711.88290362002,0.34782608695652173,3,Fear,31.0,0.0
2024-08-14,2168.9015130000003,86.75606052,25,66710.01885611855,2668.400754244742,73630.204824,0.2,3,Fear,30.0,0.0
2024-08-15,0.0,0.0,12,1522.367833,126.86398608333333,47151.0,0.0,1,Fear,29.0,0.0
2024-08-16,825.230544,23.578015542857145,35,166382.806193,4753.7944626571425,68634.52886,0.08571428571428572,2,Fear,27.0,0.0
2024-08-17,-288.283113,-9.609437100000001,30,30248.943302,1008.2981100666667,178685.85,0.0,2,Fear,25.0,0.0
2024-08-18,307.201888,20.480125866666665,15,62804.47477449648,4186.964984966432,23.72880553,0.8,2,Fear,31.0,0.0
2024-08-19,339.69958299999996,42.462447874999995,8,100315.03385,12539.37923125,1.71498,0.625,1,Fear,28.0,0.0
2024-08-20,192.602844,16.050237,12,49914.79692,4159.56641,8076.92,0.08333333333333333,2,Fear,30.0,0.0
2024-08-21,656.200925,4.525523620689655,145,104990.427218,724.0719118482758,44587.9221,0.3724137931034483,2,Fear,26.0,0.0
2024-08-23,1005.30527,100.53052699999999,10,63509.55795,6350.955795,23.667,0.3,1,Fear,34.0,0.0
2024-08-24,0.0,0.0,7,34999.670079999996,4999.952868571428,5.73838,0.0,2,Greed,56.0,1.0
2024-08-25,0.0,0.0,17,21950.275498,1291.1926763529411,55163.47627,0.0,2,Neutral,54.0,
2024-08-26,231.236918,38.539486333333336,6,92611.27523,15435.212538333333,140.9642,0.3333333333333333,2,Greed,55.0,1.0
2024-08-27,0.0,0.0,50,70250.16057617421,1405.0032115234842,87488.24118,0.0,2,Neutral,48.0,
2024-08-28,1333.359645,148.15107166666667,9,71160.08737,7906.676374444443,19.876250000000002,0.2222222222222222,2,Fear,30.0,0.0
2024-08-29,0.0,0.0,1,9995.8488,9995.8488,0.1644,0.0,1,Fear,29.0,0.0
2024-08-30,256.464,42.744,6,37233.242888535875,6205.540481422646,5449.0260444,0.16666666666666666,4,Fear,34.0,0.0
2024-08-31,10.882801,0.3200823823529412,34,107507.43109782883,3161.983267583201,23355.38432,0.35294117647058826,3,Fear,29.0,0.0
2024-09-01,137.433093,11.452757750000002,12,12359.663834683,1029.9719862235834,5846.961139999999,0.4166666666666667,1,Fear,26.0,0.0
2024-09-02,0.0,0.0,2,30000.424769999998,15000.212384999999,12.3657,0.0,1,Fear,26.0,0.0
2024-09-04,1065.785132,31.346621529411763,34,131480.94938499999,3867.0867466176464,52210.38311,0.14705882352941177,2,Fear,27.0,0.0
2024-09-05,0.0,0.0,1,0.8427951946369999,0.8427951946369999,10818.93703,0.0,1,Fear,29.0,0.0
2024-09-06,-1104.856765,-26.306113452380952,42,39047.114830000006,929.6932102380954,1449.6331,0.0,2,Fear,22.0,0.0
2024-09-08,0.0,0.0,1,0.10981749839999999,0.10981749839999999,0.93414,0.0,1,Fear,29.0,0.0
2024-09-09,0.0,0.0,2,4014.42,2007.21,349080.0,0.0,1,Fear,26.0,0.0
2024-09-10,-219.729659,-73.24321966666666,3,2547.28609,849.0953633333334,66673.7621,0.0,2,Fear,33.0,0.0
2024-09-11,0.0,0.0,1,0.5380624473,0.5380624473,35870.82982,0.0,1,Fear,37.0,0.0
2024-09-14,0.0,0.0,11,1014.8075296319199,92.25522996653818,88358.33644,0.0,2,Neutral,50.0,
2024-09-18,-878.684794,-6.059895131034483,145,13633.51601,94.02424834482758,81796.0,0.0,1,Neutral,45.0,
2024-09-19,0.0,0.0,19,1521.854026,80.09758031578947,81738.0,0.0,1,Neutral,49.0,
2024-09-20,9585.03428,599.0646425,16,332873.40741,20804.587963125,7603.34105,0.5,2,Neutral,54.0,
2024-09-21,36165.56933,1572.416057826087,23,165648.14804,7202.0933930434785,38533.5,1.0,1,Neutral,54.0,
2024-09-22,0.0,0.0,3,19999.737970000002,6666.579323333334,0.31897,0.0,1,Neutral,52.0,
2024-09-23,334.760796,167.380398,2,40334.29548,20167.14774,0.6335,0.5,1,Neutral,50.0,
2024-09-24,0.0,0.0,10,7118.647723,711.8647723,36943.229999999996,0.0,2,Neutral,54.0,
2024-09-25,0.0,0.0,9,52754.136719999995,5861.570746666666,670.29859,0.0,2,Greed,59.0,1.0
2024-09-26,439.812513,54.976564125,8,113711.927413,14213.990926625,8342.780780000001,0.25,2,Neutral,50.0,
2024-09-27,0.0,0.0,56,126097.029356,2251.7326670714288,6413.993329999999,0.0,2,Greed,61.0,1.0
2024-09-28,0.0,0.0,4,29199.208700000003,7299.802175000001,7119.320000000001,0.0,1,Greed,64.0,1.0
2024-09-30,2710.626288,25.571946113207545,106,214670.00032,2025.1886822641509,9188.664999999999,0.04716981132075472,2,Greed,61.0,1.0
2024-10-01,0.0,0.0,4,139954.32129,34988.5803225,2.25636,0.0,1,Neutral,50.0,
2024-10-02,0.0,0.0,4,99954.34189,24988.5854725,1.64099,0.0,1,Fear,42.0,0.0
2024-10-03,100.375782,11.152864666666666,9,132935.701832,14770.633536888889,3777.99039,0.3333333333333333,2,Fear,37.0,0.0
2024-10-04,0.0,0.0,1,0.33810461189999996,0.33810461189999996,307.367829,0.0,1,Fear,41.0,0.0
2024-10-05,5767.161892,155.86924032432432,37,605605.7145409533,16367.722014620358,2278.873416,0.6486486486486487,2,Neutral,49.0,
2024-10-06,130.487079,5.9312308636363635,22,300130.58184,13642.299174545455,4.8180499999999995,0.22727272727272727,1,Neutral,50.0,
2024-10-07,0.0,0.0,21,219984.64516000001,10475.459293333333,3.4539,0.0,1,Neutral,50.0,
2024-10-08,5396.546638,149.90407327777777,36,434584.1281958693,12071.781338774148,414.530151,0.9166666666666666,2,Neutral,49.0,
2024-10-09,396.06272,28.290194285714286,14,220399.92491,15742.851779285715,3.5594,0.21428571428571427,1,Neutral,49.0,
2024-10-10,0.0,0.0,16,300024.33151,18751.520719375,5.04899,0.0,1,Fear,39.0,0.0
2024-10-11,8885.327477,341.74336450000004,26,488904.16735649866,18804.00643678841,4520.60588,0.6923076923076923,2,Fear,32.0,0.0
2024-10-12,541.55471,54.155471,10,159713.39476,15971.339476,2.54599,0.7,1,Neutral,49.0,
2024-10-13,0.0,0.0,10,60002.41658999999,6000.241658999999,0.95706,0.0,1,Neutral,50.0,
2024-10-14,1913.61958,382.72391600000003,5,61916.017750000006,12383.203550000002,0.95706,1.0,1,Neutral,48.0,
2024-10-15,1170.2260760000001,167.17515371428573,7,81173.36482999999,11596.194975714285,1.22058,0.5714285714285714,1,Greed,65.0,1.0
2024-10-16,219.480876,19.95280690909091,11,80229.16954,7293.560867272728,1.18732,0.2727272727272727,1,Greed,73.0,1.0
2024-10-17,36.11496,4.0127733333333335,9,140531.75086,15614.638984444444,2.09306,0.1111111111111111,2,Greed,71.0,1.0
2024-10-18,333.219141,55.536523499999994,6,120331.43022,20055.23837,1.78975,0.8333333333333334,1,Greed,73.0,1.0
2024-10-19,0.0,0.0,4,99996.86605000001,24999.216512500003,1.46394,0.0,1,Greed,72.0,1.0
2024-10-20,389.155797,4.05370621875,96,176447.874719,1837.9986949895836,52199.2564,0.11458333333333333,2,Greed,73.0,1.0
2024-10-21,2464.915564,14.248066843930635,173,324118.01302,1873.5145261271678,109550.91603,0.3930635838150289,2,Greed,72.0,1.0
2024-10-22,0.0,0.0,3,60000.3603,20000.1201,0.8949,0.0,1,Greed,70.0,1.0
2024-10-23,-46.489941,-2.5827745,18,210006.05804,11667.003224444445,55.42812,0.0,1,Greed,71.0,1.0
2024-10-25,13235.862071,441.19540236666666,30,427883.18564,14262.772854666666,8005.94794,0.7,2,Greed,72.0,1.0
2024-10-26,42471.99413,7078.6656883333335,6,88668.84961,14778.141601666668,32797.51,1.0,1,,,
2024-10-27,666.6623079999999,166.66557699999998,4,90664.40483,22666.1012075,1.33847,0.75,1,Greed,74.0,1.0
2024-10-28,167.28016200000002,12.867704769230771,13,121495.23672,9345.78744,6180.7549500000005,0.3076923076923077,2,Greed,72.0,1.0
2024-10-29,801.170876,15.11643162264151,53,613267.82764,11571.09108754717,6307.65733,0.05660377358490566,2,Greed,72.0,1.0
2024-10-30,9.150023,0.36600091999999995,25,11830.848523,473.23394092,16339.813900000001,0.28,1,Greed,77.0,1.0
2024-10-31,1214.043811,25.292579395833332,48,896173.3526710001,18670.278180645833,6851.27557,0.7083333333333334,3,Greed,77.0,1.0
2024-11-01,1040.475736,45.238075478260875,23,260981.03281,11347.00142652174,57939.29527,0.2608695652173913,2,Greed,75.0,1.0
2024-11-02,0.0,0.0,2,39999.9936,19999.9968,0.58072,0.0,1,Greed,72.0,1.0
2024-11-03,0.0,0.0,6,129055.6699,21509.278316666667,129416.61818,0.0,2,Greed,74.0,1.0
2024-11-04,2799.410474,77.76140205555555,36,451811.99086,12550.333079444445,129421.2777,0.6388888888888888,2,Greed,70.0,1.0
2024-11-05,678.4759280000001,67.8475928,10,200627.22152,20062.722152,2.96249,0.5,1,Greed,70.0,1.0
2024-11-06,2817.83723,187.85581533333334,15,123906.91204000001,8260.460802666666,11683.6737,0.4666666666666667,2,Greed,70.0,1.0
2024-11-07,4493.353136,39.764187044247784,113,111335.248923,985.2676895840708,132565.51276,0.5309734513274337,3,Greed,77.0,1.0
2024-11-08,-64.41354100000007,-1.6516292564102582,39,270700.42376000003,6941.036506666667,8026.56244,0.15384615384615385,2,Greed,75.0,1.0
2024-11-09,102.90894,1.196615581395349,86,193384.397206,2248.6557814651164,77022.8972,0.22093023255813954,2,Greed,75.0,1.0
2024-11-10,991.114334,5.728984589595376,173,413636.714386,2390.9636669710985,840527.93569,0.2947976878612717,3,Greed,78.0,1.0
2024-11-11,6749.630996,18.09552545844504,373,1570572.268259,4210.649512758713,3050577.40352,0.24664879356568364,4,Greed,76.0,1.0
2024-11-12,3494.399394,20.435084175438597,171,1226354.4955799999,7171.663716842105,144432.45464,0.19883040935672514,4,Greed,80.0,1.0
2024-11-13,7846.402274,163.46671404166668,48,515336.40695100004,10736.175144812501,81116.91647000001,0.5625,5,Greed,84.0,1.0
2024-11-14,4563.509225,41.4864475,110,1008361.796498,9166.925422709091,5189260.03874,0.2545454545454545,2,Greed,88.0,1.0
2024-11-15,4140.740438,27.790204281879195,149,1427858.505675,9582.942991107382,21773.26548,0.3691275167785235,4,Greed,80.0,1.0
2024-11-16,2769.521909,17.640266936305732,157,303296.101346,1931.8223015668789,163784.50782,0.3057324840764331,4,Greed,86.0,1.0
2024-11-17,882.975285,4.224762129186603,209,1215987.528332,5818.122145129186,118664.53501,0.23444976076555024,4,Greed,90.0,1.0
2024-11-18,4470.815187,12.921431176300578,346,2084339.59982066,6024.102889655087,762850.39811,0.3583815028901734,7,Greed,83.0,1.0
2024-11-19,2958.268991,9.699242593442623,305,628031.1904862984,2059.118657332126,617141.86239,0.4918032786885246,5,Greed,90.0,1.0
2024-11-20,4210.0928969999995,7.654714358181818,550,1999514.154817,3635.4802814854547,3357149.9662699997,0.3981818181818182,5,Greed,83.0,1.0
2024-11-21,1692.430891,3.1634222261682243,535,598300.558755,1118.318801411215,6327019.74521,0.308411214953271,5,Greed,82.0,1.0
2024-11-22,-18105.345617,-26.664721085419732,679,1646713.6355,2425.204175994109,6863952.50785,0.3078055964653903,6,Greed,94.0,1.0
2024-11-23,2901.531638,7.993200104683195,363,516245.725623,1422.1645333966942,1853295.87574,0.3526170798898072,4,Greed,93.0,1.0
2024-11-24,945.550386,5.497385965116279,172,664952.281453,3866.0016363546515,354313.50949,0.26744186046511625,3,Greed,80.0,1.0
2024-11-25,5523.740734,21.66172836862745,255,937410.852452,3676.1209900078434,531097.97884,0.4117647058823529,2,Greed,82.0,1.0
2024-11-26,1094.809359,3.6251965529801327,302,1146902.403842,3797.69007894702,2007687.4917,0.2913907284768212,4,Greed,79.0,1.0
2024-11-27,-2654.495633,-12.462420812206572,213,1444242.525653,6780.481341093897,384052.49735,0.3474178403755869,2,Greed,75.0,1.0
2024-11-28,-127075.39958499999,-382.75722766566264,332,1894225.11699,5705.497340331325,30569.13728,0.32831325301204817,5,Greed,77.0,1.0
2024-11-29,176844.994152,449.98726247328244,393,794262.90333934,2021.025199336743,683964.22416,0.48854961832061067,11,Greed,78.0,1.0
2024-11-30,37316.69352,100.04475474530831,373,1732193.6593480066,4643.9508293512245,271197.97742435,0.42091152815013405,8,Greed,84.0,1.0
2024-12-01,40886.364494,98.28453003365385,416,814711.9570724809,1958.442204501156,3560119.23642001,0.53125,9,Greed,81.0,1.0
2024-12-02,18489.604313,68.48001597407408,270,585243.4758392512,2167.5684290342638,210965.83884,0.4074074074074074,8,Greed,80.0,1.0
2024-12-03,23576.539285,63.03887509358289,374,1084666.510653,2900.1778359705886,251246.61252,0.4304812834224599,8,Greed,76.0,1.0
2024-12-04,292891.815021,918.1561599404388,319,769287.6978940717,2411.5601814861184,13484938.200452391,0.46394984326018807,7,Greed,78.0,1.0
2024-12-05,71574.11848800001,156.96078615789474,456,1256750.7987900001,2756.0324534868423,75629.96987,0.4232456140350877,8,Greed,84.0,1.0
2024-12-06,-92624.643895,-229.83782604218362,403,3471019.3051,8612.951129280396,108676.63024,0.23325062034739455,10,Greed,72.0,1.0
2024-12-07,85906.279067,282.5864442993421,304,451733.35789760563,1485.964993084229,1291173.42509178,0.4309210526315789,6,Greed,75.0,1.0
2024-12-08,15965.933436,38.014127228571425,420,932939.660374,2221.284905652381,930353.7121,0.3619047619047619,6,Greed,79.0,1.0
2024-12-09,6310.967676,11.708659881261596,539,983949.726508,1825.5096966753247,170346.94181,0.31910946196660483,10,Greed,78.0,1.0
2024-12-10,39325.770231,24.640206911654136,1596,3150423.8495111354,1973.9497803954482,2869587.4983333,0.5870927318295739,11,Greed,78.0,1.0
2024-12-11,319051.554217,261.30348420720725,1221,2194098.364461,1796.9683574619164,371860.94751,0.7125307125307125,12,Greed,74.0,1.0
2024-12-12,599151.795008,310.1199767122153,1932,4557189.73703446,2358.793859748685,1644131.25544,0.6997929606625258,14,Greed,83.0,1.0
2024-12-13,31935.901745,27.22583268968457,1173,2880824.535528,2455.945895590793,548827.41916,0.40153452685422,11,Greed,76.0,1.0
2024-12-14,167801.399244,135.87157833522267,1235,2369561.7912950674,1918.6735152186782,375074.5156657,0.47368421052631576,12,Greed,83.0,1.0
2024-12-15,97525.315279,57.4692488385386,1697,2583269.80463575,1522.2568088601945,832940.28064,0.24572775486152032,15,Greed,80.0,1.0
2024-12-16,166774.344133,158.07994704549765,1055,2740808.9615622945,2597.923186314971,163627.84630525,0.5071090047393365,13,Greed,83.0,1.0
2024-12-17,219591.305172,113.13307839876352,1941,5233597.723958275,2696.340919092362,1563454.83822607,0.4363730036063885,16,Greed,87.0,1.0
2024-12-18,13682.994673,9.575223703988803,1429,3798887.0894005722,2658.4234355497356,845985.81701106,0.36599020293911827,13,Greed,81.0,1.0
2024-12-19,62744.004486000005,18.79125621024259,3339,8241709.511445015,2468.316715017974,10741588.93356383,0.6148547469302186,13,Greed,75.0,1.0
2024-12-20,254969.660039,102.47976689670418,2488,7681274.81126886,3087.329104207741,1705118.67043015,0.5558681672025724,15,Greed,74.0,1.0
2024-12-21,150022.163157,89.24578415050566,1681,4382875.0773546,2607.3022470878045,140974.53887,0.5496728138013087,8,Greed,73.0,1.0
2024-12-22,352197.163973,455.03509557235145,774,3087320.219224,3988.785812950904,345463.80597,0.4354005167958656,8,Greed,73.0,1.0
2024-12-23,-29430.626577,-12.53967898466127,2347,6771878.43537355,2885.333802886046,715969.51279,0.2901576480613549,14,Greed,70.0,1.0
2024-12-24,14813.780116,43.827751822485205,338,1767036.1242604079,5227.917527397656,1250239.96550993,0.33727810650887574,11,Greed,73.0,1.0
2024-12-25,756.6570469999998,3.637774264423076,208,347889.27224130736,1672.5445780832085,146457.6319,0.30288461538461536,6,Greed,73.0,1.0
2024-12-26,60228.639722,86.41124780774749,697,2205242.687897,3163.906295404591,638858.34855,0.5136298421807748,7,Greed,79.0,1.0
2024-12-27,2672.811035,10.280042442307693,260,347912.9494670144,1338.1267287192861,126942.29191416,0.4230769230769231,7,Greed,74.0,1.0
2024-12-28,940.673623,5.842693310559007,161,281555.105363,1748.7894743043478,20079.81002,0.22981366459627328,7,Greed,72.0,1.0
2024-12-29,2884.067927,14.348596651741294,201,344628.494552,1714.5696246368161,118786.58075,0.31840796019900497,7,Greed,73.0,1.0
2024-12-30,9009.738137,29.637296503289473,304,1073865.740501,3532.4530937532895,185994.29871,0.39473684210526316,9,Greed,65.0,1.0
2024-12-31,5445.01281,17.794159509803922,306,877164.63378,2866.551090784314,6259129.5589000005,0.3006535947712418,6,Greed,64.0,1.0
2025-01-01,-9528.065345,-99.25068067708334,96,282582.080708,2943.5633407083333,34746.99172,0.3020833333333333,6,Greed,66.0,1.0
2025-01-02,8716.519087,24.145482235457067,361,774674.85594,2145.913728365651,398599.55802,0.45706371191135736,9,Greed,70.0,1.0
2025-01-03,6028.486793,11.867099986220472,508,771209.104457,1518.1281583799214,380142.44466,0.27165354330708663,9,Greed,74.0,1.0
2025-01-04,2553.537968,6.882851665768194,371,1826029.677386,4921.912877051213,195756.23854,0.20215633423180593,9,Greed,73.0,1.0
2025-01-05,3187.719363,13.337737920502093,239,451943.5077764512,1890.9770199851514,260134.01253,0.41841004184100417,8,Greed,72.0,1.0
2025-01-06,6064.185393,10.583220581151831,573,556527.062831,971.2514185532285,611516.516,0.15532286212914484,7,Greed,76.0,1.0
2025-01-07,16098.227531,25.271942748822607,637,1313178.1710339999,2061.504193145997,2132880.27843,0.7613814756671899,6,Greed,78.0,1.0
2025-01-08,130117.090554,125.23300342059672,1039,3177275.100449,3058.012608709336,1312943.32691,0.37151106833493747,11,Greed,70.0,1.0
2025-01-09,46975.928902,89.99220096168582,522,1020733.193007,1955.4275728103448,384912.5035,0.2777777777777778,7,Greed,69.0,1.0
2025-01-10,-10116.875552,-12.352717401709402,819,6547449.582684,7994.443934901099,1072005.86667,0.5274725274725275,7,Neutral,50.0,
2025-01-11,2269.080536,8.017952424028268,283,1658098.721674,5859.0060836537095,101784.5848,0.24381625441696114,7,Greed,69.0,1.0
2025-01-12,5742.241803,9.538607646179402,602,2258459.379615,3751.593653845515,675113.69138,0.7840531561461794,7,Greed,62.0,1.0
2025-01-13,9655.429352,23.66526801960784,408,2936648.0209072023,7197.666717909809,966689.30996,0.3872549019607843,11,Greed,61.0,1.0
2025-01-14,16069.512355,58.43459038181818,275,876582.0223750001,3187.5709904545456,122308.58172999999,0.49818181818181817,9,Greed,63.0,1.0
2025-01-15,14819.5883,55.50407602996255,267,1801599.901969,6747.565175913857,279128.23766,0.4606741573033708,11,Greed,70.0,1.0
2025-01-16,20807.709328,56.08546988679245,371,3049692.8926330176,8220.196476099778,274860.5318,0.3423180592991914,9,Greed,75.0,1.0
2025-01-17,7006.415608,29.43872104201681,238,1110230.4997699999,4664.834032647058,326667.15395,0.5294117647058824,8,Greed,75.0,1.0
2025-01-18,443.2330819999997,0.6808495883256523,651,2711629.918111687,4165.330135348214,3127473.39578,0.38095238095238093,12,Greed,77.0,1.0
2025-01-19,87923.799302,56.10963580216975,1567,9715215.049641617,6199.881971692162,648272.56682,0.20229738353541799,15,Greed,77.0,1.0
2025-01-20,87277.239173,66.37052408593155,1315,8287326.896812,6302.14973141597,1713831.28674,0.5224334600760456,15,Greed,76.0,1.0
2025-01-21,11077.839421,20.901583813207548,530,1523729.631836115,2874.9615695021034,397160.12423,0.3867924528301887,8,Greed,76.0,1.0
2025-01-22,20524.408057,24.66875968389423,832,1778406.180462,2137.507428439904,2769093.11334,0.28125,10,Greed,84.0,1.0
2025-01-23,101256.24216,83.13320374384236,1218,3697028.66398268,3035.327310330608,4017172.7302,0.6609195402298851,12,Greed,75.0,1.0
2025-01-24,10602.779738,12.131326931350113,874,1611433.4707741083,1843.7453899017257,1141046.60679,0.5583524027459954,11,Greed,75.0,1.0
2025-01-25,-10348.016255999999,-20.450625011857706,506,1239377.678231,2449.3630004565216,702069.15524,0.27865612648221344,11,Greed,75.0,1.0
2025-01-26,40823.466668,90.51766445232816,451,1201173.584255,2663.356062649668,1943287.75,0.43458980044345896,7,Greed,73.0,1.0
2025-01-27,41331.765392,53.469295461837,773,1508028.281058,1950.8774657930142,2637972.50323,0.4760672703751617,15,Greed,71.0,1.0
2025-01-28,17979.613973,36.103642516064255,498,579412.0645028818,1163.4780411704455,6818219.08054623,0.6285140562248996,8,Greed,72.0,1.0
2025-01-29,23421.01147,25.737375241758244,910,1897513.272527,2085.1794203593404,5136374.4615,0.4164835164835165,9,Greed,72.0,1.0
2025-01-30,23097.471385,21.64711470009372,1067,3014397.231249,2825.1145559971883,1587617.43128,0.3467666354264292,11,Greed,70.0,1.0
2025-01-31,35868.296773,35.303441705708664,1016,2783411.415887,2739.57816524311,4156508.54969,0.5413385826771654,11,Greed,76.0,1.0
2025-02-01,32300.205017,50.946695610410096,634,1363746.251289,2151.0193237996846,6531578.90293,0.5962145110410094,12,Greed,68.0,1.0
2025-02-02,162854.759623,123.46835452843062,1319,5661092.351257195,4291.957809899313,2856407.23053,0.35860500379075055,13,Greed,60.0,1.0
2025-02-03,348871.326269,146.58459086932774,2380,22592901.397937045,9492.815713418926,12993753.49954967,0.4634453781512605,12,Fear,44.0,0.0
2025-02-04,416876.88812,165.9541752070064,2512,15678409.382138,6241.405008812899,1144231.01994,0.276671974522293,13,Greed,72.0,1.0
2025-02-05,56706.235562,43.721075992289904,1297,8743231.55327,6741.119162120277,1176756.31614,0.3215111796453354,11,Neutral,54.0,
2025-02-06,33803.799733,19.84955944392249,1703,2818508.789804,1655.0257133317675,2498575.95852,0.46095126247798,11,Neutral,49.0,
2025-02-07,22450.002091,14.730972500656167,1524,3460263.544349,2270.5141367119422,33942918.12908,0.2821522309711286,13,Fear,44.0,0.0
2025-02-08,586.703253,1.0203534834782608,575,839735.3870250001,1460.4093687391305,1140156.72729,0.19130434782608696,10,Fear,44.0,0.0
2025-02-09,150551.829492,197.05736844502616,764,2920919.6308292,3823.1932340696335,4514415.83014,0.4306282722513089,12,Neutral,46.0,
2025-02-10,63908.49465,71.88807047244094,889,3624958.646305,4077.5687809955007,9002006.58675,0.4780652418447694,14,Fear,43.0,0.0
2025-02-11,-6093.784817,-7.186067001179245,848,2797544.226785,3298.9908334728775,1275165.26114,0.21816037735849056,12,Neutral,47.0,
2025-02-12,19848.635032,19.251828353055284,1031,4143974.446796168,4019.3738572222774,1189000.53382,0.4626576139670223,12,Neutral,46.0,
2025-02-13,27829.534238,20.313528640875912,1370,3199852.209671,2335.6585472051097,16842271.94634,0.4678832116788321,11,Neutral,50.0,
2025-02-14,213860.675308,129.22095184773414,1655,4007103.2442844,2421.21041950719,199298.33239999998,0.42900302114803623,15,Neutral,48.0,
2025-02-15,45042.92701,48.32932082618026,932,1712852.9726,1837.8250778969957,14110781.75544,0.4302575107296137,12,Neutral,50.0,
2025-02-16,2369.478425,3.4794103157121876,681,806177.54267,1183.8143064170338,121778.07806,0.44052863436123346,10,Neutral,54.0,
2025-02-17,1818.573295,1.9325964877789585,941,2031044.5278709999,2158.389508895855,142023.06547,0.22422954303931988,9,Neutral,51.0,
2025-02-18,91204.672403,54.418062292959426,1676,3371128.755508,2011.4133386085919,44567445.99253,0.5119331742243437,11,Neutral,47.0,
2025-02-19,14985.794701,11.010870463629685,1361,3263930.31753133,2398.185391279449,52433745.56607,0.4276267450404115,10,Fear,44.0,0.0
2025-02-20,46008.794102,22.867193887673956,2012,4628609.276245,2300.5016283523855,8120815.47315,0.47912524850894633,11,Neutral,49.0,
2025-02-21,119693.49395,63.904695114789114,1873,3972159.9927710197,2120.747460101986,8091976.01041,0.5221569674319274,14,Greed,55.0,1.0
2025-02-22,25278.704178,36.849423,686,3175570.174686,4629.111041816327,12684469.99018,0.4970845481049563,10,Neutral,49.0,
2025-02-23,10656.934251,20.494104328846156,520,1141310.664357,2194.8282006865384,4992764.71522,0.45,12,Neutral,50.0,
2025-02-24,38470.176242,6.850102607193732,5616,11223619.8034631,1998.5077997619478,1627461.28492,0.39672364672364674,14,Neutral,49.0,
2025-02-25,204762.177034,32.782929400256165,6246,19414984.756965,3108.386928748799,4702977.52916,0.260646813960935,18,Fear,25.0,0.0
2025-02-26,63229.063129,53.76621014370748,1176,4946957.969294,4206.596912664966,2603873.84311,0.6709183673469388,13,Fear,21.0,0.0
2025-02-27,-36525.167517,-41.039514064044944,890,1999898.305549,2247.076747807865,355587.03535,0.27752808988764044,9,Fear,10.0,0.0
2025-02-28,225628.108748,221.4211077016683,1019,4123660.762637,4046.772092872424,283176.4143,0.3886162904808636,13,Fear,16.0,0.0
2025-03-01,10596.108968,60.897177977011495,174,263824.12591388,1516.23060870046,252969.30428563,0.4482758620689655,5,Fear,20.0,0.0
2025-03-02,66914.320708,125.77879832330827,532,6460848.75823,12144.45255306391,256166.66921,0.5018796992481203,10,Fear,26.0,0.0
2025-03-03,616413.032233,415.9332201302294,1482,8244590.617822,5563.151563982456,1215235.7347,0.6153846153846154,14,Fear,33.0,0.0
2025-03-04,182075.566585,75.80165136761032,2402,11124247.007898001,4631.243550332224,949350.55796,0.25353871773522063,16,Fear,15.0,0.0
2025-03-05,269328.365917,162.24600356445782,1660,9193653.8498,5538.345692650602,656600.24214,0.7584337349397591,13,Fear,20.0,0.0
2025-03-06,16101.125561,21.18569152763158,760,6765325.028567,8901.743458640789,134593.06631,0.48026315789473684,12,Fear,25.0,0.0
2025-03-07,150236.061627,58.86993010462382,2552,19854275.554943,7779.8885403381655,1338194.4536,0.5223354231974922,14,Fear,34.0,0.0
2025-03-08,24700.773359,46.69333338185255,529,892083.4479949999,1686.3581247542531,4468405.21703,0.5689981096408318,13,Fear,28.0,0.0
2025-03-09,19773.457395,13.905384947257385,1422,10419697.999238,7327.4950768199715,246318.30604,0.4409282700421941,12,Fear,27.0,0.0
2025-03-10,-10010.027269999999,-3.438690233596702,2911,16811790.415495,5775.262939022673,726179.78717,0.39745791824115423,14,Fear,20.0,0.0
2025-03-11,-76880.729036,-23.3964482763238,3286,14016952.17719,4265.657996710286,21838514.43294,0.18746195982958003,16,Fear,24.0,0.0
2025-03-12,288105.984215,72.60735489289314,3968,18618139.113543,4692.071349179184,12354990.93712,0.5645161290322581,13,Fear,34.0,0.0
2025-03-13,14114.870873,14.672422944906446,962,3285591.083667,3415.375346847193,740713.05351,0.4573804573804574,13,Neutral,45.0,
2025-03-14,68646.160089,31.061610899999998,2210,8047187.3251942545,3641.2612331195724,334096.57324,0.8538461538461538,10,Fear,27.0,0.0
2025-03-15,78694.624572,301.51197154022987,261,2355749.524356,9025.860246574714,3040228.53161,0.5938697318007663,8,Neutral,46.0,
2025-03-16,-7910.943544999999,-14.926308575471696,530,10187921.386796,19222.49318263396,407202.2754,0.2320754716981132,8,Fear,30.0,0.0
2025-03-17,26163.906513,28.439028818478263,920,3592895.2260114,3905.3208978384782,4511462.99931,0.4532608695652174,11,Fear,32.0,0.0
2025-03-18,72322.788824,86.71797221103118,834,4050655.349877,4856.900899133093,1280331.60433,0.22541966426858512,13,Fear,34.0,0.0
2025-03-19,29374.682341,18.222507655707197,1612,4598813.831943,2852.8621786246895,819323.64098,0.4162531017369727,12,Fear,32.0,0.0
2025-03-20,10246.859436,13.290349463035021,771,1652257.889713,2143.0063420402075,1015534.77546,0.4085603112840467,13,Neutral,49.0,
2025-03-21,6951.270374,9.958840077363897,698,2543903.513556,3644.560907673352,2651304.56857,0.5,9,Fear,31.0,0.0
2025-03-22,12498.535254,23.361748138317758,535,971809.293555,1816.4659692616822,1556446.62807,0.4747663551401869,8,Fear,32.0,0.0
2025-03-23,14047.421585,31.425999071588368,447,2593519.577109,5802.057219483222,493230.15874,0.32662192393736017,10,Fear,30.0,0.0
2025-03-24,107878.961301,105.04280555111977,1027,3017587.067773,2938.254204258033,617462.1934,0.6153846153846154,13,Neutral,45.0,
2025-03-25,32030.90678,40.49419314791403,791,5372519.7425110005,6792.060357156764,1250187.07465,0.3615676359039191,13,Neutral,46.0,
2025-03-26,15802.167427,5.094186791424887,3102,7597754.2762050005,2449.3082773065767,4861551.17817,0.27111540941328177,17,Neutral,47.0,
2025-03-27,58825.359221,74.9367633388535,785,3240279.56362,4127.744667031848,686430.81325,0.33375796178343947,11,Fear,40.0,0.0
2025-03-28,21337.179335,29.30931227335165,728,1483092.730849,2037.215289627747,1624633.89783,0.3173076923076923,11,Fear,44.0,0.0
2025-03-29,12098.872931,6.38800049155227,1894,3668151.720227,1936.7221331715944,1428890.01432,0.3558606124604013,10,Fear,26.0,0.0
2025-03-30,15795.11514,27.8083013028169,568,2850874.991526816,5019.146111842986,697951.78635694,0.16549295774647887,9,Fear,32.0,0.0
2025-03-31,6978.184557,14.097342539393939,495,2164772.575714,4373.277930735354,1241557.92206,0.5232323232323233,12,Fear,34.0,0.0
2025-04-01,-2202.6622420000003,-11.472199177083334,192,704445.12239,3668.9850124479167,922157.5379400001,0.4583333333333333,9,Fear,34.0,0.0
2025-04-02,202212.740938,187.930056633829,1076,3867930.737374,3594.7311685631967,3768092.12272,0.8949814126394052,11,Fear,44.0,0.0
2025-04-03,-2365.961276,-1.353524757437071,1748,8670233.201231001,4960.087643724829,5323868.72889,0.2974828375286041,17,Fear,25.0,0.0
2025-04-04,-25515.678949999998,-20.05949602987421,1272,3835545.73728,3015.3661456603772,1425479.21115,0.38757861635220126,14,Fear,28.0,0.0
2025-04-05,35907.33771,99.74260475,360,1267564.24297765,3521.0117860490277,1578033.86483985,0.5805555555555556,10,Fear,30.0,0.0
2025-04-06,47053.449272,44.89832945801527,1048,3551252.0569633464,3388.5992909955594,1050029.91139322,0.31679389312977096,14,Fear,34.0,0.0
2025-04-07,34527.370305,12.269854408315563,2814,14460253.178459,5138.682721556148,3912056.53206,0.23916133617626156,18,Fear,23.0,0.0
2025-04-08,34899.394798,37.00890222481442,943,8869391.44792445,9405.505247003659,954031.23507265,0.4093319194061506,17,Fear,24.0,0.0
2025-04-09,43120.444797,10.86978694151752,3967,28556805.94634,7198.589852871187,3010140.18608,0.43055205444920597,20,Fear,18.0,0.0
2025-04-10,158261.822261,74.40612236060178,2127,28741953.615789194,13512.907200653124,3124622.850807684,0.5289139633286318,19,Fear,39.0,0.0
2025-04-11,126406.479081,115.33437872354014,1096,11319327.182071,10327.853268312956,631096.46176,0.3357664233576642,16,Fear,25.0,0.0
2025-04-12,410419.694533,194.60393292223802,2109,55914617.530629,26512.38384572262,1734379.95047,0.2721669037458511,20,Fear,43.0,0.0
2025-04-13,48696.021521,36.86299888039364,1321,14171154.5799719,10727.596199827329,2596596.5766481,0.3618470855412566,17,Neutral,45.0,
2025-04-14,45680.443063,51.32634052022472,890,13079972.788512,14696.598638777528,255226.28703,0.42247191011235957,14,Fear,31.0,0.0
2025-04-15,72357.706282,63.976751796640144,1131,20752167.96382805,18348.51278853055,332384.0955165,0.5720601237842617,14,Fear,38.0,0.0
2025-04-16,58631.730257,36.46251881654229,1608,36502715.738832,22700.693867432834,685571.47402,0.3401741293532338,17,Fear,29.0,0.0
2025-04-17,5427.919886,5.264713759456837,1031,2604551.508962,2526.238127024248,660171.85707,0.30358874878758485,12,Fear,30.0,0.0
2025-04-18,4880.4047439999995,2.576771248152059,1894,24610650.418877,12994.007612923444,319091.03943,0.5126715945089757,12,Fear,33.0,0.0
2025-04-19,71950.577495,25.82576363783202,2786,32706462.99787461,11739.57752974681,2681599.08734239,0.2921751615218952,15,Fear,32.0,0.0
2025-04-20,25060.341936,12.643966668012109,1982,12126094.1101076,6118.110045462967,1811225.3165795,0.3985872855701312,12,Fear,37.0,0.0
2025-04-21,34369.267906999994,20.005394590803256,1718,42104054.805227004,24507.59883889814,2333025.83098,0.3940628637951106,14,Fear,39.0,0.0
2025-04-22,58652.763578,19.563963835223483,2998,33753625.25389654,11258.71422745048,32699511.7848947,0.2961974649766511,15,Neutral,47.0,
2025-04-23,-419020.225731,-68.03380836678032,6159,30682443.718835,4981.724909698814,70800498.21052,0.324728040266277,19,Greed,72.0,1.0
2025-04-24,50704.395965,22.717023281810036,2232,35088918.521418,15720.841631459676,4275681.15339,0.4135304659498208,15,Greed,63.0,1.0
2025-04-25,20218.859206,12.231614764670297,1653,27749456.11413418,16787.329772615958,3290588.8704794,0.38596491228070173,16,Greed,60.0,1.0
2025-04-26,-4125.753942,-3.6478814694960215,1131,11948127.616027,10564.21539878603,8474693.58638,0.1724137931034483,12,Greed,65.0,1.0
2025-04-27,2702.067468,8.018004356083086,337,487537.776236,1446.6996327477746,3887430.28472,0.3560830860534125,9,Greed,61.0,1.0
2025-04-28,36906.813759,26.763461754169686,1379,26124921.623683,18944.830764092098,215249.28118,0.4169688179840464,8,Neutral,54.0,
2025-04-29,125749.613427,56.06313572313866,2243,34089511.400916,15198.177173836826,297481.95515,0.43201069995541685,7,Greed,60.0,1.0
2025-04-30,14003.797269,12.582028094339623,1113,12693878.608166,11405.102073823899,155976.10227,0.26504941599281223,8,Greed,56.0,1.0
2025-05-01,54536.829297000004,44.338885607317074,1230,10720240.60794,8715.642770682927,101855.22113,0.43089430894308944,11,Neutral,53.0,
